CountyName,BeefCows,Hogs,MilkCows,OtherCattle,CornAcresPlanted,CornGrainAcresHarvested,CornGrainYield_bupacre,CornSilageAcresHarvested,CornSilageYield_tonspacre,SoybeansAcresHarvested,SoybeansAcresPlanted,SoybeansYield_bupacre,Year,CommercialN_kg_ha,ManureN_kg_ha,GrainN_kg_ha,GrainN_neg_kg_ha,FixatedN_kg_ha,NitrogenSurplus_kg_ha
Monroe,0,11760,0,16349,32300,31200,175.7,750,16,33200,33600,48.9,1/1/2014,93.62,26.04,171.55,-171.55,84.58,32.7
Monroe,0,17641,0,16566,,,,,,,,,1/1/2015,33.82,0,0,0,0,33.8
Monroe,0,23521,0,16782,30000,28100,180,1760,21.5,33100,33200,57.3,1/1/2016,34.82,32.29,194.6,-194.6,111,-16.5
Monroe,0,29401,0,16998,30700,28400,169.9,2080,16,28900,29100,51,1/1/2017,35.09,36.83,173.08,-173.08,86.25,-14.9
Monroe,0,35281,0,17214,28000,26000,167,1760,18.5,30500,30900,50.4,1/1/2018,33.45,40.15,174.02,-174.02,91.28,-9.1
Monroe,0,41161,0,17430,26400,25400,162.3,,,25900,26200,56.1,1/1/2019,33.63,48.04,181.42,-181.42,102.02,2.3
Keokuk,11894,237269,323,15789,118000,116400,193.2,,,101500,103000,52.6,1/1/2014,51.2,39.94,181.9,-181.9,86.64,-4.1
Keokuk,12322,235397,242,16024,119000,116100,181,,,103300,104000,53.4,1/1/2015,53.09,39.67,179.16,-179.16,88.71,2.3
Keokuk,12751,233526,162,16258,119000,116800,208.6,,,99100,99500,57.1,1/1/2016,56.44,40.57,196.39,-196.39,95.73,-3.6
Keokuk,13179,231654,82,16493,117500,114700,176.4,,,101600,102500,51.6,1/1/2017,57.42,40.37,173.6,-173.6,84.09,8.3
Keokuk,13607,229782,2,16728,119000,117100,203.7,,,102700,104500,57.7,1/1/2018,51.95,39.82,196.42,-196.42,99.81,-4.8
Keokuk,14036,227911,-78,16962,123500,119800,175.5,,,95900,97000,55.8,1/1/2019,52.54,40.44,178.97,-178.97,89.39,3.4
Cherokee,7516,273124,223,46346,153500,150600,183.6,,,132600,135000,55.8,1/1/2014,68.28,40.77,184.77,-184.77,95.08,19.4
Cherokee,5011,268427,149,47895,150500,147000,209.6,,,134700,135500,62.7,1/1/2015,67.81,39.97,210.05,-210.05,113.94,11.7
Cherokee,2505,263731,74,49445,152000,149400,219.7,,,130500,131000,69.6,1/1/2016,72.23,39.22,226.52,-226.52,128.59,13.5
Cherokee,0,259035,0,50995,146500,139100,203.7,,,134700,135500,62.4,1/1/2017,73.51,38.18,208.78,-208.78,114.78,17.7
Cherokee,-2505,254339,-74,52545,148000,142800,213.3,,,132900,134500,64.3,1/1/2018,66.23,36.94,215.24,-215.24,118.62,6.6
Cherokee,-5011,249643,-149,54095,153000,150400,208.9,,,128100,129000,58.8,1/1/2019,67.01,35.83,199.96,-199.96,100.37,3.2
Shelby,0,110651,0,25970,182000,179300,185.2,,,136900,137500,55.3,1/1/2014,82.03,15.54,180.83,-180.83,86.28,3
Shelby,0,113664,0,25517,175000,164000,195.3,,,143400,144000,57.2,1/1/2015,79.5,15.67,192.02,-192.02,95.14,-1.7
Shelby,0,116677,0,25064,180000,176800,215.3,,,133000,133500,60.5,1/1/2016,84.86,16.06,202.8,-202.8,97.35,-4.5
Shelby,0,119690,0,24611,172000,170200,207.1,,,142700,143500,58.2,1/1/2017,86.44,16.06,197.68,-197.68,98.32,3.1
Shelby,0,122703,0,24158,172500,168100,189.1,,,135900,137000,57.8,1/1/2018,77.74,16.48,188.66,-188.66,94.73,0.3
Shelby,0,125716,0,23705,174000,171800,217.3,,,134100,135000,58.7,1/1/2019,78.67,16.62,201.15,-201.15,95.62,-10.2
Appanoose,13631,311,245,11572,34100,32600,170.9,,,45200,45400,46.7,1/1/2014,112.4,36.59,169.82,-169.82,87.94,67.1
Appanoose,14270,467,219,12282,35000,33400,154.3,1210,14,35100,35400,48.2,1/1/2015,33.82,43.42,162.03,-162.03,81.51,-3.3
Appanoose,14908,622,194,12993,31100,30600,186.3,,,45400,45600,55.9,1/1/2016,34.93,41.78,199.28,-199.28,121.12,-1.4
Appanoose,15546,778,169,13704,29800,28000,170,840,16,46000,46200,50.7,1/1/2017,35.23,44.1,183.29,-183.29,106.76,2.8
Appanoose,16184,934,144,14415,,,,,,,,,1/1/2018,33.35,0,0,0,0,33.4
Appanoose,16822,1089,119,15126,30300,29300,166.8,,,,,,1/1/2019,33.55,0,0,0,0,33.5
Wayne,14246,18917,198,17617,57600,55600,171.9,,,76400,76800,45.8,1/1/2014,138.39,29.5,167.72,-167.72,85.21,85.4
Wayne,14356,23470,222,17018,65000,62500,158,,,52300,53100,45,1/1/2015,52.14,34.23,151.95,-151.95,65.1,-0.5
Wayne,14466,28024,245,16418,61000,57900,174.5,,,72800,73000,54.2,1/1/2016,54.3,30.75,187.19,-187.19,105.98,3.8
Wayne,14576,32577,269,15819,,,,,,,,,1/1/2017,54.93,0,0,0,0,54.9
Wayne,14686,37130,293,15220,53500,52500,171.6,,,71600,72300,49,1/1/2018,51.41,33.99,175.45,-175.45,95.65,5.6
Wayne,14796,41684,316,14620,57300,56300,151.5,810,17,57800,58900,52.5,1/1/2019,51.78,37.47,169.83,-169.83,93.95,13.4
Mills,1915,287,2,2381,98500,97000,184.9,,,94200,95200,54.5,1/1/2014,56.87,2.45,185.05,-185.05,96.41,-29.3
Mills,1277,431,1,2052,,,,,,,,,1/1/2015,56.82,0,0,0,0,56.8
Mills,638,574,1,1722,100000,98400,188.4,,,90400,90700,56.3,1/1/2016,60.45,1.32,188.75,-188.75,97.93,-29
Mills,0,718,0,1392,91500,91200,190.1,,,98400,99000,55.7,1/1/2017,61.49,0.73,192.15,-192.15,105.31,-24.6
Mills,-638,862,-1,1062,,,,,,,,,1/1/2018,55.48,0,0,0,0,55.5
Mills,-1277,1005,-1,732,84300,83300,202.9,,,,,,1/1/2019,56.14,0,0,0,0,56.1
Madison,15287,32364,10,13030,70400,69000,171.4,,,69600,71200,46.5,1/1/2014,90.76,28.23,163.7,-163.7,76.89,32.2
Madison,15444,31379,9,12959,70500,68100,169.6,,,71800,72200,53.9,1/1/2015,46.8,27.95,180.21,-180.21,97.61,-7.8
Madison,15601,30394,9,12888,75100,73800,185.5,,,71000,71200,57.1,1/1/2016,49.11,27.2,190.53,-190.53,102.31,-11.9
Madison,15758,29409,8,12817,67900,65500,173.1,,,74100,74600,52.5,1/1/2017,49.75,27.86,180.1,-180.1,97.03,-5.5
Madison,15915,28424,7,12746,70000,68500,167.8,,,67600,68700,50.9,1/1/2018,45.9,28.56,171.37,-171.37,87.52,-9.4
Madison,16072,27439,7,12675,67700,67000,175.7,,,67700,68500,52.3,1/1/2019,46.32,29.02,177.87,-177.87,92.68,-9.8
Warren,11873,6012,154,10156,69000,66700,169.9,,,66800,68100,46.6,1/1/2014,73.35,19.47,163.23,-163.23,76.22,5.8
Warren,11852,4008,129,9418,64500,63200,170.3,,,68500,69400,53.6,1/1/2015,42.08,19.03,180.52,-180.52,99.15,-20.3
Warren,11831,2004,105,8681,69400,66300,184.6,,,68200,68600,54.3,1/1/2016,43.97,17.59,185.9,-185.9,96.98,-27.4
Warren,11810,0,80,7944,60300,58300,183.2,,,68500,68800,49.9,1/1/2017,44.49,17.87,178.41,-178.41,91.29,-24.8
Warren,11789,-2004,55,7207,60700,59700,163.6,,,70600,71300,52,1/1/2018,41.32,16.57,176.78,-176.78,98.66,-20.2
Warren,11768,-4008,31,6470,,,,,,,,,1/1/2019,41.66,0,0,0,0,41.7
Wapello,0,36645,0,6830,60500,58500,195.2,,,52300,52700,48.7,1/1/2014,68.67,13.16,175.27,-175.27,76.72,-16.7
Wapello,0,36798,0,7185,57800,56200,159.3,,,51500,52000,48.5,1/1/2015,43.89,13.88,161.39,-161.39,77.54,-26.1
Wapello,0,36952,0,7541,61600,59900,196.9,,,50400,50600,58.1,1/1/2016,46.36,13.9,193.46,-193.46,97.24,-36
Wapello,0,37105,0,7896,55900,53300,153,,,54200,54900,45,1/1/2017,47.09,14.39,153.84,-153.84,71.75,-20.6
Wapello,0,37258,0,8251,,,,,,,,,1/1/2018,43.07,0,0,0,0,43.1
Wapello,0,37412,0,8607,57200,56700,176.5,,,48200,48700,55.5,1/1/2019,43.5,15.71,180.42,-180.42,92.7,-28.5
Winneshiek,14754,125196,15712,58251,166000,149800,174,15700,18.5,70600,70900,50.1,1/1/2014,70.56,55,156.67,-156.67,51.59,20.5
Winneshiek,14012,125289,16070,60371,169000,158300,185.6,,,67800,68000,55.6,1/1/2015,74.38,55.63,168.01,-168.01,57.99,20
Winneshiek,13271,125383,16428,62490,169500,156000,210.7,13000,26.5,62900,63600,58.4,1/1/2016,78.78,57.22,183.44,-183.44,59.28,11.8
Winneshiek,12530,125477,16786,64609,171000,157400,199.7,,,67200,67600,54.6,1/1/2017,80.17,56.54,173.97,-173.97,55.73,18.5
Winneshiek,11789,125571,17144,66728,165000,148900,198.1,,,65700,66200,51.7,1/1/2018,73.26,59.01,169.93,-169.93,51.83,14.2
Winneshiek,11048,125665,17502,68847,173000,157800,200.4,,,55000,55400,55.6,1/1/2019,73.99,60.4,171.92,-171.92,49.02,11.5
Palo Alto,3317,499114,213,24053,190500,187400,164.6,,,106100,108000,45.7,1/1/2014,90.11,49.4,148.95,-148.95,53.76,44.3
Palo Alto,3102,516553,221,23092,179000,173100,197.5,,,116500,117000,59.5,1/1/2015,90.65,50.88,190.46,-190.46,88.22,39.3
Palo Alto,2886,533992,229,22132,182000,179100,196,,,104600,105000,59.7,1/1/2016,96.77,53.56,186.39,-186.39,82.05,46
Palo Alto,2670,551431,237,21172,174000,169800,195.4,,,110900,111500,57.8,1/1/2017,98.65,54.94,185.84,-185.84,83.58,51.3
Palo Alto,2454,568870,245,20212,166500,159400,157.9,,,114200,118000,48.8,1/1/2018,88.89,56.23,155.81,-155.81,68.58,57.9
Palo Alto,2238,586309,253,19252,163000,158300,198.3,,,107200,108000,55.6,1/1/2019,89.93,60.19,184.2,-184.2,80.55,46.5
Buchanan,5706,370850,2549,19461,192500,190400,169.3,,,87000,87700,49.5,1/1/2014,94.73,42.73,152.89,-152.89,52.94,37.5
Buchanan,5381,369895,2441,18144,191500,187200,191.6,,,85400,85700,57.7,1/1/2015,99.79,42.47,175.26,-175.26,66,33
Buchanan,5057,368939,2334,16826,197500,192500,205.6,,,77500,77700,60.2,1/1/2016,106.86,42.04,182.95,-182.95,64.09,30
Buchanan,4732,367983,2227,15508,187000,182600,221.3,,,84800,85300,55.9,1/1/2017,109.11,41.75,188.23,-188.23,63.82,26.5
Buchanan,4407,367027,2120,14190,189500,184900,207.1,,,82000,82600,57.2,1/1/2018,98.04,41.03,181.9,-181.9,63.98,21.1
Buchanan,4083,366071,2013,12872,195000,190300,218.9,,,72500,73100,55.2,1/1/2019,99.21,40.89,182.95,-182.95,54.52,11.7
Worth,2393,37815,232,3855,126500,122200,181.5,,,74500,76800,49.8,1/1/2014,83.74,7.99,164.7,-164.7,64.5,-8.5
Worth,2450,29339,208,4258,112500,109600,202.1,,,91100,91600,59.4,1/1/2015,70.08,7.14,197.79,-197.79,99.93,-20.6
Worth,2506,20864,183,4661,121000,118800,191.5,,,76700,79600,58.2,1/1/2016,74.75,6.42,184.47,-184.47,85.78,-17.5
Worth,2563,12389,158,5064,106000,104400,198.5,,,93000,93500,54.8,1/1/2017,76.11,5.62,188.88,-188.88,92.7,-14.4
Worth,2620,3914,133,5467,111500,110000,180,,,87200,88100,53.7,1/1/2018,68.5,4.77,176.57,-176.57,84.67,-18.6
Worth,2676,-4561,108,5870,112000,110600,196.5,,,82500,83600,51,1/1/2019,69.32,4.01,177.14,-177.14,75.75,-28.1
Adams,11237,54952,0,15119,75500,73900,169.9,,,69700,70000,47.6,1/1/2014,115.6,28.73,164.2,-164.2,76.43,56.6
Adams,11839,54031,0,15305,74400,72400,169.6,,,66500,66800,50.3,1/1/2015,56.61,30.14,169.13,-169.13,82.06,-0.3
Adams,12441,53110,0,15490,74000,70800,187.4,,,69200,69400,56.5,1/1/2016,60.02,30.2,190.39,-190.39,100.17,0
Adams,13043,52189,0,15676,71500,67300,179.9,,,71100,71500,52.6,1/1/2017,61.01,30.81,181.1,-181.1,92.95,3.7
Adams,13645,51268,0,15862,71000,68900,171.6,,,69000,69500,53.2,1/1/2018,55.45,31.9,178.07,-178.07,93.56,2.8
Adams,14247,50347,0,16047,,,,,,,,,1/1/2019,56.04,0,0,0,0,56
Cass,0,42819,0,29177,133500,131800,173.7,,,122800,123500,53.8,1/1/2014,88.23,13.99,178.29,-178.29,92.45,16.4
Cass,0,40387,0,28625,137000,133900,193.7,,,117000,117500,57.2,1/1/2015,69.29,13.7,191.37,-191.37,97.31,-11.1
Cass,0,37956,0,28072,134500,132500,195.9,,,117700,118000,59.6,1/1/2016,73.87,13.38,197.51,-197.51,104.56,-5.7
Cass,0,35525,0,27519,132000,126700,197.4,,,121300,122000,56.9,1/1/2017,75.21,12.88,194.48,-194.48,100.45,-5.9
Cass,0,33094,0,26966,128000,125000,169.5,,,120500,121500,52.6,1/1/2018,67.75,12.68,175.04,-175.04,90.52,-4.1
Cass,0,30663,0,26413,137500,135100,200.3,,,111300,112000,56.9,1/1/2019,68.55,12.25,191.97,-191.97,93.88,-17.3
Clayton,16106,268818,11459,43384,155000,148600,176.7,,,55400,56000,51.5,1/1/2014,58.21,69.33,155.53,-155.53,47.76,19.8
Clayton,17013,272684,11614,42847,153000,146700,193.2,,,54800,55000,56.8,1/1/2015,64.63,71.28,170.67,-170.67,55.16,20.4
Clayton,17920,276551,11768,42311,153000,143700,210.3,,,56300,56400,63.2,1/1/2016,68.21,71.75,188.49,-188.49,65.5,17
Clayton,18827,280418,11922,41775,151000,142600,213.6,,,57300,57800,59,1/1/2017,69.35,72.91,185.65,-185.65,61.04,17.6
Clayton,19734,284285,12076,41239,149000,139800,201.5,,,58800,59200,58.8,1/1/2018,63.75,74.07,179.99,-179.99,62.39,20.2
Clayton,20641,288152,12230,40703,153500,143200,197.5,,,49700,50300,56.4,1/1/2019,64.34,76.64,171.14,-171.14,50.95,20.8
Hardin,3638,683583,52,20652,186000,182900,166.3,2430,19,102700,103500,46.9,1/1/2014,89.69,65.47,151.47,-151.47,55.44,59.1
Hardin,5456,665371,77,23046,188500,183000,199.3,,,98700,99100,55.6,1/1/2015,92.73,65.96,179.74,-179.74,69.64,48.6
Hardin,7275,647158,103,25439,197000,194600,208,,,89000,89400,59.9,1/1/2016,99.07,66.3,186.62,-186.62,70.35,49.1
Hardin,9094,628945,129,27832,189500,187800,213.7,,,97400,98000,59.7,1/1/2017,101.05,66.1,191.98,-191.98,76.45,51.6
Hardin,10913,610732,155,30225,183500,180100,216.6,,,101000,102000,59.3,1/1/2018,91.01,66.62,194.49,-194.49,79.35,42.5
Hardin,12732,592519,181,32618,197000,195200,200.2,,,86600,87200,53.9,1/1/2019,92.08,66.99,174.01,-174.01,59.19,44.2
Linn,10916,80035,1378,18041,153000,150700,176.1,,,101500,102000,51.1,1/1/2014,58.15,20.62,166.45,-166.45,71.11,-16.6
Linn,11528,75699,1330,17630,151000,148200,189.2,,,104600,105000,56.2,1/1/2015,61.91,20.27,182.24,-182.24,84.23,-15.8
Linn,12139,71362,1282,17220,150500,148500,200.3,,,100800,102500,60,1/1/2016,66,20.25,192.79,-192.79,91.52,-15
Linn,12750,67026,1234,16809,151000,150000,217.4,,,104400,105000,56,1/1/2017,67.26,19.74,193.85,-193.85,83.78,-23.1
Linn,13361,62690,1186,16398,151000,148100,215.4,,,103700,104500,57.7,1/1/2018,60.75,19.52,196.11,-196.11,87.31,-28.5
Linn,13972,58353,1138,15988,155500,153500,223.7,,,95600,96300,56.5,1/1/2019,61.44,19.54,195.43,-195.43,79.16,-35.3
Osceola,4002,378881,5112,36971,131500,123900,175.4,,,99000,99500,52.2,1/1/2014,78.14,60.36,172,-172,79.14,45.6
Osceola,4007,400852,5314,37151,126500,122000,204.7,,,103000,103500,59.8,1/1/2015,84.35,63.18,200.03,-200.03,101.17,48.7
Osceola,4011,422824,5515,37330,125000,121800,203.7,,,101100,101500,56.1,1/1/2016,90.02,66.75,191.96,-191.96,91.78,56.6
Osceola,4015,444795,5717,37510,127000,123900,211.6,,,100700,101500,59.7,1/1/2017,91.73,68.74,201.66,-201.66,99.62,58.4
Osceola,4019,466766,5919,37690,116000,112300,180.2,,,102900,104500,57.2,1/1/2018,82.64,73.9,187.37,-187.37,99.88,69.1
Osceola,4023,488738,6120,37869,121000,117300,182.5,,,90200,91000,50.5,1/1/2019,83.7,79.64,170.9,-170.9,74.92,67.4
Cedar,8153,265257,222,14696,154500,152900,184.1,,,116900,117500,55.8,1/1/2014,69.51,32.68,181.34,-181.34,87.78,8.6
Cedar,8238,297552,206,14776,157000,154400,188.8,,,115500,116000,56.9,1/1/2015,79.12,35.5,184.8,-184.8,88.87,18.7
Cedar,8323,329848,191,14855,162500,160800,215.3,,,113000,115000,60.5,1/1/2016,84.55,37.81,201.12,-201.12,94.74,16
Cedar,8408,362144,176,14934,154500,153800,222.3,,,117300,118000,59.6,1/1/2017,86.21,41.45,204.4,-204.4,96.88,20.1
Cedar,8493,394440,161,15013,154500,151300,222.3,,,118100,119000,63.3,1/1/2018,77.55,44.23,211.91,-211.91,106.05,15.9
Cedar,8578,426736,146,15092,158500,156400,193.7,,,,,,1/1/2019,78.47,0,0,0,0,78.5
Story,0,71277,0,17776,163000,158500,169.9,1250,21.5,116800,117500,46.9,1/1/2014,76.28,11.73,158.09,-158.09,64.96,-5.1
Story,0,68325,0,16253,164500,161100,188,1910,24,115000,115500,51,1/1/2015,80.94,11.02,172.68,-172.68,73.11,-7.6
Story,0,65372,0,14731,174500,171800,211.9,,,102600,103000,58.4,1/1/2016,86.47,10.38,192.25,-192.25,80.64,-14.8
Story,0,62420,0,13209,167500,166100,200.3,,,109300,110000,57.9,1/1/2017,88.16,9.64,188.38,-188.38,85.05,-5.5
Story,0,59468,0,11687,160000,157800,192.3,,,114900,116000,52.8,1/1/2018,79.31,8.95,178.17,-178.17,78.58,-11.3
Story,0,56515,0,10165,170000,168000,189.3,,,103300,104000,50,1/1/2019,80.25,8.27,168.76,-168.76,65.22,-15
Van Buren,10561,101077,777,9918,53000,51800,192.2,,,47500,47800,49.4,1/1/2014,61.19,48.62,175.97,-175.97,79.95,13.8
Van Buren,10944,106795,747,9785,48900,47800,158.3,250,21,47700,48000,46.1,1/1/2015,38.44,52.37,157.79,-157.79,74.67,7.7
Van Buren,11328,112514,716,9652,55100,52700,189,,,47700,47900,56.6,1/1/2016,40.12,50.96,189.22,-189.22,96.51,-1.6
Van Buren,11711,118233,686,9519,49400,42800,128.2,,,50600,51400,36.6,1/1/2017,40.59,53.79,128.85,-128.85,50.68,16.2
Van Buren,12094,123952,656,9386,52700,48300,180.9,,,49800,50200,54.2,1/1/2018,37.8,54.39,184.39,-184.39,94.91,2.7
Van Buren,12478,129671,625,9253,47400,45000,171,,,49500,50000,53.9,1/1/2019,38.12,59.24,181.83,-181.83,99.03,14.6
Fremont,4166,12746,0,9006,119500,118100,191.5,,,111700,113500,55.5,1/1/2014,53.94,7.13,189.01,-189.01,98.19,-29.8
Fremont,3988,11418,0,9277,113500,111800,179.9,,,105700,106500,52.1,1/1/2015,55.08,7.4,177.47,-177.47,88.68,-26.3
Fremont,3811,10090,0,9547,120000,118800,180.8,,,106000,106500,55.5,1/1/2016,58.57,7.05,183.41,-183.41,94.78,-23
Fremont,3634,8762,0,9818,113000,112800,204.5,,,114800,115500,60.1,1/1/2017,59.59,6.84,205.54,-205.54,114.46,-24.7
Fremont,3457,7434,0,10089,116500,113500,195.1,,,110900,112500,50.6,1/1/2018,53.89,6.69,180.72,-180.72,86.01,-34.1
Fremont,3280,6106,0,10359,,,,,,,,,1/1/2019,54.53,0,0,0,0,54.5
Lee,8124,83423,943,11518,76900,75000,200.6,,,65500,67900,54.5,1/1/2014,41.54,29.78,188.67,-188.67,91.99,-25.4
Lee,8266,88324,824,11243,76000,73800,145.1,,,62700,63300,47,1/1/2015,44.28,31.62,151.03,-151.03,70.71,-4.4
Lee,8408,93226,704,10968,77500,75800,194.6,,,67200,67700,61.4,1/1/2016,46.85,30.97,200.59,-200.59,108.86,-13.9
Lee,8550,98127,585,10693,76500,74700,178,,,68200,68600,53.5,1/1/2017,47.62,31.63,178.81,-178.81,90.19,-9.4
Lee,8692,103028,466,10418,74400,71800,201.3,,,70400,71000,64.7,1/1/2018,43.42,32.2,213.15,-213.15,122.72,-14.8
Lee,8834,107930,346,10143,71300,70000,172.5,,,67500,68100,54.8,1/1/2019,43.91,34.25,180.83,-180.83,96.62,-6.1
Franklin,0,507182,0,9249,208000,205000,165.8,,,108400,109000,47.4,1/1/2014,92.82,41.51,150.89,-150.89,54.25,37.7
Franklin,0,486027,0,8566,198500,194500,200.2,,,115900,116500,57.8,1/1/2015,92.35,39.95,185.81,-185.81,79.15,25.6
Franklin,0,464871,0,7882,214000,212000,204.8,,,97600,98100,60.5,1/1/2016,98.81,38.48,185.96,-185.96,71.86,23.2
Franklin,0,443716,0,7199,201000,199500,206.1,,,113300,114000,57,1/1/2017,100.81,36.3,186.22,-186.22,75.88,26.8
Franklin,0,422561,0,6516,203000,193800,204.3,,,108100,109500,58.5,1/1/2018,90.55,34.75,187.29,-187.29,76.31,14.3
Franklin,0,401405,0,5832,207500,205000,202.7,,,98500,99300,54.1,1/1/2019,91.64,33.52,176.98,-176.98,62.79,11
Delaware,13693,363969,10008,87582,195500,187500,174.9,,,58800,59100,49.7,1/1/2014,99.34,79.41,149.69,-149.69,39.51,68.6
Delaware,13568,364236,9652,91729,195000,188200,195.8,,,59000,59200,56.8,1/1/2015,104.47,80.66,168.76,-168.76,48.58,64.9
Delaware,13444,364502,9295,95875,194000,179700,202.3,,,55900,56000,63.8,1/1/2016,111.7,83.16,179.44,-179.44,55.2,70.6
Delaware,13320,364768,8938,100022,194000,184000,218,,,58100,58500,63,1/1/2017,114.04,83.47,187.79,-187.79,56.1,65.8
Delaware,13196,365034,8581,104169,189500,179800,224.8,,,62800,63300,63.9,1/1/2018,102.83,84.51,194.6,-194.6,61.84,54.6
Delaware,13072,365300,8224,108315,201000,193200,204.6,,,,,,1/1/2019,104.01,0,0,0,0,104
Clay,4906,202871,2,24874,160500,155700,166.3,,,126500,127500,47.8,1/1/2014,71.58,27.01,160.18,-160.18,70.81,9.2
Clay,4980,213503,4,24647,155500,147400,202.8,7600,27,130000,130500,60.7,1/1/2015,72.79,28.07,202.25,-202.25,104.8,3.4
Clay,5055,224134,5,24421,157000,146100,202,,,125500,126000,61.9,1/1/2016,77.6,29.25,203.59,-203.59,105.15,8.4
Clay,5129,234766,6,24195,151000,148400,197.3,,,127300,128000,57.6,1/1/2017,79.02,30.57,193.13,-193.13,97.69,14.2
Clay,5203,245398,7,23969,145500,141900,158.5,,,127200,128500,52.6,1/1/2018,71.18,32.03,168.92,-168.92,87.18,21.5
Clay,5278,256029,8,23743,151000,136600,185.5,13000,14.5,113500,115000,50.9,1/1/2019,72.02,33.94,174.46,-174.46,76.39,7.9
Buena Vista,0,402186,0,23494,172500,170300,172.1,,,137800,139000,49.1,1/1/2014,77.46,38.04,164.98,-164.98,74.51,25
Buena Vista,0,384243,0,22517,166000,159800,202.7,,,146400,147000,59.6,1/1/2015,72.89,36.19,201,-201,105.08,13.2
Buena Vista,0,366300,0,21540,170000,167600,201.1,,,138400,139000,60.2,1/1/2016,77.7,34.96,198.77,-198.77,102.1,16
Buena Vista,0,348357,0,20563,166500,163600,187.9,,,142700,143500,56.5,1/1/2017,79.09,33.17,187.63,-187.63,95.81,20.4
Buena Vista,0,330414,0,19586,164000,161400,193.1,,,142300,144000,55.5,1/1/2018,71.2,31.69,187.94,-187.94,94.24,9.2
Buena Vista,0,312471,0,18609,170500,167900,190.8,,,135800,137000,53.5,1/1/2019,72.05,30.04,181.09,-181.09,84.99,6
Johnson,11789,112575,2016,19884,109000,107500,184.6,,,91100,91600,50,1/1/2014,52.75,32.13,172.73,-172.73,78.46,-9.4
Johnson,11630,105278,1961,18419,111500,108400,187.1,,,89900,90300,55.4,1/1/2015,57.9,30.27,183.85,-183.85,89.96,-5.7
Johnson,11472,97982,1907,16955,108000,105900,189,,,94500,94900,56.1,1/1/2016,61.4,28.45,187.84,-187.84,95.8,-2.2
Johnson,11313,90685,1853,15491,109500,107400,213.1,,,92200,92700,56.4,1/1/2017,62.45,26.88,197.06,-197.06,94.64,-13.1
Johnson,11154,83388,1799,14027,107000,104700,212.3,,,90300,91800,59.9,1/1/2018,56.82,25.64,203.82,-203.82,104.06,-17.3
Johnson,10996,76092,1745,12563,103500,101900,181.3,,,84800,85400,55.5,1/1/2019,57.42,25.2,181.79,-181.79,91.13,-8
Des Moines,1687,30952,137,3749,70100,69300,199,,,63100,63500,54.2,1/1/2014,46.24,9.99,188.33,-188.33,92.47,-39.6
Des Moines,1124,32372,91,3852,70800,69500,176,,,64200,64500,54.5,1/1/2015,48.26,9.56,180.4,-180.4,93.51,-29.1
Des Moines,562,33791,46,3955,71200,70000,210,,,63600,63900,60.4,1/1/2016,51.18,9.28,205.25,-205.25,107.87,-36.9
Des Moines,0,35210,0,4058,71900,71000,200.1,,,62800,63200,59.6,1/1/2017,52.03,8.97,199.05,-199.05,104.66,-33.4
Des Moines,-562,36629,-46,4161,70500,69400,195.4,510,20,68200,68700,63.8,1/1/2018,47.27,8.42,209.1,-209.1,121.63,-31.8
Des Moines,-1124,38048,-91,4264,69000,68300,176.9,,,61700,62300,55.1,1/1/2019,47.79,8.61,181.39,-181.39,94.62,-30.4
Sioux,14041,1209704,29306,360076,256000,215500,187.4,,,153100,154000,60.4,1/1/2014,92.48,166.45,189.13,-189.13,85.66,155.5
Sioux,14513,1226180,31602,362185,258500,238000,201.9,,,152400,153000,64.1,1/1/2015,97.69,168.44,198.86,-198.86,92.23,159.5
Sioux,14986,1242657,33899,364295,254000,207000,212.2,,,151900,152500,65.8,1/1/2016,104.52,173.15,210.51,-210.51,96.51,163.7
Sioux,15459,1259133,36195,366404,257000,209000,220.7,,,154600,155500,65.2,1/1/2017,106.67,173.23,213.28,-213.28,95.76,162.4
Sioux,15932,1275609,38491,368513,249000,210000,211.9,,,157600,160000,65.8,1/1/2018,95.87,177.34,211.08,-211.08,100.64,162.8
Sioux,16405,1292086,40788,370623,265000,200000,192.2,,,136700,138000,60.8,1/1/2019,97.07,182.64,190.81,-190.81,78.84,167.7
Monona,6777,19896,0,14863,179000,175500,156.6,,,145600,147500,47.2,1/1/2014,63.15,8.27,155.51,-155.51,70.79,-13.3
Monona,6893,21770,0,16133,178500,175300,169,,,140900,141500,52.4,1/1/2015,69.4,8.98,169.89,-169.89,81.72,-9.8
Monona,7008,23644,0,17403,174500,172000,184.5,,,137000,137500,56.1,1/1/2016,73.98,9.76,183.12,-183.12,90.26,-9.1
Monona,7124,25518,0,18673,171000,166600,196,,,142200,143000,57.1,1/1/2017,75.34,10.25,191.49,-191.49,95.74,-10.2
Monona,7240,27392,0,19943,167000,164800,181.4,,,138000,140000,55.3,1/1/2018,67.93,11.04,181.6,-181.6,91.43,-11.2
Monona,7355,29266,0,21213,174500,172400,203.9,,,126600,128000,55.8,1/1/2019,68.72,11.78,188.77,-188.77,85.98,-22.3
Louisa,0,234851,0,3051,81900,81000,188.2,,,74500,74900,53.8,1/1/2014,48.54,38.18,183.55,-183.55,91.9,-4.9
Louisa,0,247491,0,2945,87000,85100,181.7,,,70100,70500,57.5,1/1/2015,57.59,39.9,185.58,-185.58,95.07,7
Louisa,0,260131,0,2839,84900,83700,200.2,,,70700,71000,56.4,1/1/2016,61.42,42.23,191.54,-191.54,94.02,6.1
Louisa,0,272771,0,2733,84300,83700,216.6,,,71200,71600,59,1/1/2017,62.58,44.14,203.41,-203.41,101.27,4.6
Louisa,0,285411,0,2627,80200,78800,196.5,,,70100,70600,58.1,1/1/2018,56.43,47.61,194.75,-194.75,100.95,10.2
Louisa,0,298051,0,2521,78800,77800,174.6,720,20.5,65000,66100,54.3,1/1/2019,57.09,51.61,176.84,-176.84,88.99,20.8
Allamakee,16909,97685,12597,37429,94500,80400,175.6,13600,25,30400,30600,50.6,1/1/2014,35,82,154.13,-154.13,42.82,5.7
Allamakee,17710,92935,12839,36787,90000,82400,175.4,,,34400,34600,54.1,1/1/2015,37.49,82.17,160.23,-160.23,53.87,13.3
Allamakee,18510,88186,13080,36144,92000,76700,205.1,12800,25.5,31800,32200,56.8,1/1/2016,39.13,82.28,179.04,-179.04,54.08,-3.5
Allamakee,19311,83436,13321,35501,91500,76100,190.5,,,34500,34700,52.6,1/1/2017,39.63,80.83,167.71,-167.71,51.11,3.9
Allamakee,20112,78686,13562,34858,93500,73700,198.4,,,32400,32700,52.8,1/1/2018,37.05,80.67,171.47,-171.47,48.45,-5.3
Allamakee,20912,73937,13803,34215,97500,83200,187.2,,,,,,1/1/2019,37.34,0,0,0,0,37.3
Jackson,23678,46278,4233,69441,115000,109300,188.9,,,52400,52600,54.9,1/1/2014,56.98,66.72,171.15,-171.15,62.24,14.8
Jackson,23807,48061,4345,69235,117500,113200,190.6,,,52700,52900,58.3,1/1/2015,54.79,66,176.04,-176.04,67.28,12
Jackson,23937,49845,4458,69030,118000,109100,202.1,,,51800,52000,61.1,1/1/2016,57.72,66.53,186.16,-186.16,70.92,9
Jackson,24067,51628,4571,68825,118500,113200,202.1,,,54200,54500,59.2,1/1/2017,58.63,65.74,183.72,-183.72,69.8,10.5
Jackson,24197,53411,4684,68620,121500,115600,202.4,,,51100,51500,58.1,1/1/2018,54,66.11,180.61,-180.61,64.19,3.7
Jackson,24327,55195,4797,68415,119500,110000,185.5,,,,,,1/1/2019,54.49,0,0,0,0,54.5
Davis,13902,144317,1988,12048,50100,46900,184.2,,,50000,50300,45.7,1/1/2014,112.22,67.88,167.53,-167.53,74.44,87
Davis,14265,138233,2028,12412,50000,48100,142.4,1310,13,47800,48200,48.9,1/1/2015,42.97,68.79,157.81,-157.81,81.42,35.4
Davis,14629,132148,2067,12776,48500,46800,188.7,1560,19.5,52500,52800,57.4,1/1/2016,44.54,66.09,196.49,-196.49,110.42,24.6
Davis,14993,126064,2107,13140,49500,42700,107.3,,,52500,52800,37.6,1/1/2017,44.99,64.86,124.89,-124.89,54.09,39
Davis,15357,119980,2147,13504,,,,,,,,,1/1/2018,42.39,0,0,0,0,42.4
Davis,15721,113895,2186,13868,49400,47300,160,1840,20.5,46000,47000,54.6,1/1/2019,42.68,67.59,175.94,-175.94,95.9,30.2
Polk,2668,3285,0,4741,83500,82100,181.4,,,67100,69000,49.8,1/1/2014,43.47,5.61,170.33,-170.33,77.26,-44
Polk,2754,2190,0,5042,81500,78500,187,,,70100,70400,52.4,1/1/2015,41.93,5.71,179.56,-179.56,85.65,-46.3
Polk,2840,1095,0,5344,86000,85100,199.8,,,66400,66700,55.2,1/1/2016,44.41,5.75,187.26,-187.26,87.34,-49.8
Polk,2926,0,0,5646,79000,78500,200.3,,,70300,71000,57.1,1/1/2017,45.13,5.93,194.38,-194.38,99.5,-43.8
Polk,3012,-1095,0,5948,78000,75800,186.2,,,65800,68000,53.4,1/1/2018,41.08,6.17,180.63,-180.63,88.59,-44.8
Polk,3098,-2190,0,6250,79000,77900,196.7,,,62800,63300,51,1/1/2019,41.51,6.41,178.64,-178.64,78.84,-51.9
Jones,15138,85698,1551,47461,157000,154100,180.1,2270,17.5,70600,70900,52.5,1/1/2014,75.27,37.61,162.48,-162.48,57.66,8.1
Jones,15524,93355,1525,47959,150500,144600,186.6,,,75100,75400,55.2,1/1/2015,82.92,39.17,172.18,-172.18,66.74,16.6
Jones,15909,101013,1498,48456,158000,153400,201.3,4100,22.5,70400,70700,60.4,1/1/2016,88.34,39.9,183.97,-183.97,70.5,14.8
Jones,16294,108671,1472,48953,153000,149200,217,,,76800,77200,54.9,1/1/2017,90.06,40.85,186.41,-186.41,66.51,11
Jones,16679,116329,1446,49450,153000,148700,208.9,,,71800,72400,60.1,1/1/2018,81.57,42.95,188.57,-188.57,72.73,8.7
Jones,17064,123987,1419,49947,153500,148400,203,,,67600,68400,57.2,1/1/2019,82.47,44.87,180.35,-180.35,64.97,12
Greene,5566,248389,6,14500,175000,171100,181.2,,,123000,124000,52.2,1/1/2014,85.16,26.99,172.04,-172.04,76.19,16.3
Greene,5315,271474,10,14493,173500,170700,189,,,124400,125000,53.6,1/1/2015,86.67,28.81,178.23,-178.23,80.11,17.4
Greene,5065,294560,13,14486,180000,177300,205.5,,,116500,117000,63.5,1/1/2016,92.62,30.73,200.23,-200.23,96.45,19.6
Greene,4814,317646,16,14479,170500,167600,202.2,,,127300,128000,56.7,1/1/2017,94.44,32.35,190.46,-190.46,89.22,25.5
Greene,4563,340732,19,14472,166500,164700,201.3,,,127400,129000,55.5,1/1/2018,84.92,34.46,188.25,-188.25,88,19.1
Greene,4313,363818,22,14465,176500,174900,201.4,660,21.5,118700,119500,54.2,1/1/2019,85.94,36.19,183.18,-183.18,78.54,17.5
Benton,10295,186300,4047,24095,194500,192700,185.4,,,160300,161000,52.7,1/1/2014,69.21,24.7,177.96,-177.96,84.43,0.4
Benton,10835,209111,4204,22692,194000,190100,187.5,,,159900,160500,56.5,1/1/2015,69.84,26.28,186.53,-186.53,93.71,3.3
Benton,11376,231922,4360,21290,206000,202000,199.9,,,149000,154000,61.1,1/1/2016,74.4,27.36,196.84,-196.84,99.18,4.1
Benton,11916,254733,4516,19887,194000,190400,215.3,,,158600,159500,57.6,1/1/2017,75.74,29.38,199.66,-199.66,96.07,1.5
Benton,12456,277544,4672,18484,191500,184900,214.6,,,152500,154000,61,1/1/2018,68.32,31.61,205.77,-205.77,103.1,-2.7
Benton,12997,300355,4828,17082,195000,187800,197.6,,,147900,149000,57.9,1/1/2019,69.12,33.3,191.67,-191.67,92.93,3.7
Jefferson,5280,56560,222,10224,74100,73000,200.9,,,67000,67600,47.3,1/1/2014,52.52,21.36,175.02,-175.02,75.01,-26.1
Jefferson,5176,65277,199,9510,74800,73100,168.2,,,60900,61200,50.1,1/1/2015,49.12,23.22,165.96,-165.96,77.57,-16.1
Jefferson,5073,73995,176,8795,73700,72300,197,,,68300,68600,55.1,1/1/2016,52.06,23.12,190.23,-190.23,96.13,-18.9
Jefferson,4969,82713,153,8080,74000,71400,165.5,,,64400,64800,46.1,1/1/2017,52.92,24.65,158.54,-158.54,70.38,-10.6
Jefferson,4865,91431,130,7365,71600,69900,198.8,,,68500,69300,62,1/1/2018,48.12,25.22,206.44,-206.44,116.42,-16.7
Jefferson,4762,100149,107,6650,70700,69500,162.7,,,64200,64900,53.3,1/1/2019,48.64,27.17,172.8,-172.8,90.78,-6.2
Guthrie,0,105465,0,20713,115500,110000,176.1,,,93000,94100,47.8,1/1/2014,83.82,20.9,164.93,-164.93,71.8,11.6
Guthrie,0,93596,0,19813,116500,114400,179.2,,,90200,90600,54.4,1/1/2015,68.9,19.37,177.44,-177.44,85.58,-3.6
Guthrie,0,81726,0,18912,111000,109200,198.2,,,89500,89900,58.4,1/1/2016,72.99,18.14,193.9,-193.9,97.22,-5.6
Guthrie,0,69856,0,18012,106500,103100,197.6,,,93100,93700,59.2,1/1/2017,74.23,16.37,197.81,-197.81,103.7,-3.5
Guthrie,0,57986,0,17112,107000,104700,192.2,,,93400,94200,52,1/1/2018,67.65,14.46,180.76,-180.76,85.51,-13.1
Guthrie,0,46116,0,16211,113000,111100,196.7,,,88200,88800,54.2,1/1/2019,68.35,12.59,184.45,-184.45,85.61,-17.9
Marion,12627,27762,561,14475,82500,79000,171.6,,,73300,75500,47,1/1/2014,54.1,23.76,163.29,-163.29,74.36,-11.1
Marion,12208,28261,520,14767,78500,76800,178.1,,,77500,78200,56,1/1/2015,44.11,23.78,186.72,-186.72,101.94,-16.9
Marion,11789,28761,478,15058,82600,79500,198,,,74800,75000,56.6,1/1/2016,46.58,23.48,193.65,-193.65,98.76,-24.8
Marion,11370,29260,437,15350,75100,72000,185.7,,,77500,77800,52.9,1/1/2017,47.29,24.03,184.27,-184.27,95.41,-17.5
Marion,10951,29759,396,15642,76300,72800,190.2,,,73300,74200,58.3,1/1/2018,43.22,24.23,196.09,-196.09,106.84,-21.8
Marion,10532,30259,354,15933,75400,73300,170.7,,,69400,70100,54,1/1/2019,43.66,24.88,177.98,-177.98,93.21,-16.2
Bremer,3490,173793,3355,19112,124500,121800,159,,,74400,74800,48.2,1/1/2014,78.35,35.09,151.78,-151.78,60.84,22.5
Bremer,3737,164003,3154,18710,123000,119700,203.1,,,75100,75400,59.4,1/1/2015,78.09,33.85,191,-191,84.62,5.6
Bremer,3983,154213,2952,18307,129000,127000,210.6,,,67100,68600,62.1,1/1/2016,83.39,32.58,194.46,-194.46,82.37,3.9
Bremer,4230,144423,2750,17905,120000,117000,212.7,,,74700,75200,56.8,1/1/2017,85.02,31.56,191.42,-191.42,80.36,5.5
Bremer,4477,134633,2548,17503,124000,119900,212.4,,,67400,68300,57.3,1/1/2018,76.58,30.6,189.46,-189.46,75.05,-7.2
Bremer,4723,124843,2346,17100,127500,125400,212.5,,,62600,63000,52.5,1/1/2019,77.48,29.43,180.23,-180.23,61.3,-12
Grundy,3819,181267,555,20700,156000,155000,182.4,,,128800,130000,53,1/1/2014,80.25,23.93,177.31,-177.31,85.48,12.4
Grundy,3882,171941,567,21516,161500,159000,199.9,,,123000,124000,60.5,1/1/2015,85.2,23.46,197.06,-197.06,99.29,10.9
Grundy,3945,162616,580,22333,166500,164300,198.5,,,121100,121500,64.8,1/1/2016,91,22.76,202.98,-202.98,106.25,17
Grundy,4008,153291,592,23150,160500,160000,217.3,,,127200,128000,63.6,1/1/2017,92.74,22.21,210.9,-210.9,108.86,12.9
Grundy,4071,143966,604,23967,158500,156200,225.2,,,123100,124500,61.9,1/1/2018,83.37,22.13,210.71,-210.71,103.9,-1.3
Grundy,4134,134641,617,24784,167500,166000,209.8,,,114200,115000,56.3,1/1/2019,84.37,21.66,190.82,-190.82,83.82,-1
Lucas,16721,40622,11,14998,33000,31200,153.7,1450,15.5,38200,38500,45.8,1/1/2014,116.72,63.85,159.68,-159.68,80.3,101.2
Lucas,17139,41914,13,14849,34000,33000,154.8,900,15.5,27000,27600,49.1,1/1/2015,38.23,75.33,158.16,-158.16,74.81,30.2
Lucas,17556,43207,15,14701,31600,30000,174.6,,,39600,39700,54.4,1/1/2016,39.59,66.14,188.96,-188.96,108.92,25.7
Lucas,17974,44499,17,14552,,,,,,,,,1/1/2017,39.97,0,0,0,0,40
Lucas,18392,45791,19,14403,,,,,,,,,1/1/2018,37.75,0,0,0,0,37.8
Lucas,18809,47084,21,14255,,,,,,,,,1/1/2019,37.98,0,0,0,0,38
Crawford,18651,308321,103,32068,214000,209500,183,,,151400,152000,55.6,1/1/2014,80.57,35.12,179.07,-179.07,83.94,20.6
Crawford,18670,304742,100,33007,218500,214500,199.1,,,148900,149500,58.5,1/1/2015,83.97,34.92,190.21,-190.21,88.48,17.2
Crawford,18690,301164,96,33945,224500,220500,213.5,,,136000,136500,64.3,1/1/2016,89.58,35.59,203.38,-203.38,94.21,16
Crawford,18710,297586,92,34884,205500,204000,221.9,,,149200,150000,61.3,1/1/2017,91.28,36.14,206.38,-206.38,98.28,19.3
Crawford,18730,294008,88,35823,201500,197800,214,,,145200,146500,61.7,1/1/2018,82.28,36.91,203.82,-203.82,98.97,14.3
Crawford,18750,290430,84,36761,208000,204500,234.7,,,139500,140500,61.9,1/1/2019,83.24,36.84,211.38,-211.38,95.21,3.9
Floyd,3563,192787,1406,20543,150000,143900,162.8,,,95200,95600,47.6,1/1/2014,77.31,29.45,154.14,-154.14,61.84,14.5
Floyd,3746,207563,1487,20339,139500,135300,196.5,,,106500,107000,58,1/1/2015,75.87,30.89,191.39,-191.39,93.36,8.7
Floyd,3928,222339,1569,20134,150500,144800,196.3,,,94400,95100,57.5,1/1/2016,80.96,32.56,185.68,-185.68,82.24,10.1
Floyd,4110,237115,1651,19930,140500,137400,203.4,,,106800,107500,54.1,1/1/2017,82.5,33.78,186.6,-186.6,84.09,13.8
Floyd,4292,251891,1733,19726,141000,136200,184.4,,,95900,96700,49.8,1/1/2018,74.3,36.85,168.71,-168.71,69.46,11.9
Floyd,4474,266667,1815,19521,144000,137900,202.9,,,89500,90200,54.3,1/1/2019,75.18,39.03,183.12,-183.12,75.13,6.2
Mitchell,5663,211836,2963,51191,160000,153000,175.1,,,81800,82100,49.2,1/1/2014,93.11,45.22,158.28,-158.28,56.8,36.8
Mitchell,5506,205634,3248,49690,151000,146400,202.1,,,91400,91900,59.7,1/1/2015,88.33,44.03,190.92,-190.92,84.85,26.3
Mitchell,5348,199431,3533,48188,160500,156200,199.1,,,83900,84400,61,1/1/2016,94.23,42.65,187.68,-187.68,79.72,28.9
Mitchell,5190,193229,3818,46686,150000,144900,213.4,,,92500,93000,54.4,1/1/2017,96.04,41.95,187.7,-187.7,74.87,25.2
Mitchell,5032,187027,4103,45184,146500,139500,193.3,,,88700,89800,55.6,1/1/2018,86.72,42.07,180.54,-180.54,76.81,25.1
Mitchell,4874,180824,4388,43682,155000,149700,194.5,,,76900,77500,49.8,1/1/2019,87.93,41.68,167.91,-167.91,56.92,18.6
Iowa,14949,120593,498,29536,121500,118000,192.1,,,101000,101500,53.4,1/1/2014,54.55,34.23,182.66,-182.66,86.58,-7.3
Iowa,14566,123001,409,27962,123500,119700,199.3,,,101500,102000,56.2,1/1/2015,59.16,33.2,190.87,-190.87,92.89,-5.6
Iowa,14182,125409,319,26387,131000,129600,210.6,,,95600,97000,57.4,1/1/2016,62.85,32.19,194.64,-194.64,90.13,-9.5
Iowa,13799,127817,229,24812,124000,123000,216.7,,,102400,103000,56.7,1/1/2017,63.93,31.68,198.45,-198.45,94.41,-8.4
Iowa,13416,130225,139,23237,125500,123100,211.7,,,95200,97100,56,1/1/2018,57.92,31.65,193.53,-193.53,89.11,-14.8
Iowa,13032,132633,49,21662,115500,110800,190.6,,,92800,94500,52.3,1/1/2019,58.57,32.84,179.43,-179.43,82.92,-5.1
Washington,8698,1124884,735,9987,120000,116000,191.3,,,93400,95500,54,1/1/2014,55.69,137.26,182.16,-182.16,85.73,96.5
Washington,9090,1193938,800,9886,118000,116000,195,,,96000,96500,58.9,1/1/2015,57.58,146,193.82,-193.82,98.95,108.7
Washington,9482,1262993,866,9785,120000,116400,208.2,,,93300,94000,55.8,1/1/2016,61.16,154.46,192.45,-192.45,89.25,112.4
Washington,9874,1332048,932,9684,121500,119700,220.4,,,93600,94200,61.7,1/1/2017,62.21,161.3,208.14,-208.14,102.67,118
Washington,10266,1401103,998,9583,120000,117900,214.3,,,90600,93600,61.5,1/1/2018,56.4,171.02,204.78,-204.78,102.54,125.2
Washington,10658,1470158,1064,9482,119000,114400,178.9,,,88700,89600,54.7,1/1/2019,57.02,183.45,177.46,-177.46,84.72,147.7
Dickinson,0,66726,0,18351,94500,92300,157.9,,,79600,80100,44,1/1/2014,63.43,18.5,150.49,-150.49,63.95,-4.6
Dickinson,0,78482,0,18170,93500,91700,194.5,,,79000,79300,56.4,1/1/2015,65.22,20.26,189.73,-189.73,94.74,-9.5
Dickinson,0,90237,0,17990,92000,89000,188,,,79500,79800,56.1,1/1/2016,69.16,21.95,187.47,-187.47,95.13,-1.2
Dickinson,0,101992,0,17809,91000,89800,196.2,,,80000,80400,57.7,1/1/2017,70.34,23.58,193.86,-193.86,100.13,0.2
Dickinson,0,113747,0,17628,90000,86800,160.4,,,85000,86200,49.8,1/1/2018,63.99,24.47,166.07,-166.07,83.53,5.9
Dickinson,0,125502,0,17448,94000,91700,170,,,75100,75600,51.3,1/1/2019,64.89,27.02,168.63,-168.63,79.73,3
Dubuque,13837,138731,20049,98926,146000,133900,184.9,,,38100,38300,55.1,1/1/2014,74.86,95.45,159.15,-159.15,41.44,52.6
Dubuque,14102,139462,20805,97367,150500,137600,197,,,37800,38000,59.1,1/1/2015,80.04,93.62,169.29,-169.29,44.56,48.9
Dubuque,14368,140192,21560,95808,151500,144600,211.5,,,39100,39200,57.8,1/1/2016,84.9,92.84,176.26,-176.26,43.99,45.5
Dubuque,14634,140922,22316,94249,151500,134100,215.1,,,40400,40600,59.6,1/1/2017,86.48,92.46,181.82,-181.82,47.29,44.4
Dubuque,14900,141652,23072,92690,149000,141400,211.8,,,40900,41200,62,1/1/2018,78.97,93.68,181.55,-181.55,51.28,42.4
Dubuque,15166,142382,23827,91131,151000,141300,216.4,,,36100,36500,60.2,1/1/2019,79.75,95.33,180.39,-180.39,44.19,38.9
Webster,0,180795,0,6300,216000,213500,190,,,150500,151500,52.4,1/1/2014,79.73,13.48,175.79,-175.79,76.19,-6.4
Webster,0,178395,0,6491,209500,206000,201,,,157200,158000,54.9,1/1/2015,80.85,13.37,186.71,-186.71,85.27,-7.2
Webster,0,175994,0,6681,230000,227500,200.8,,,144000,144500,58.4,1/1/2016,86.39,13,188.51,-188.51,83.83,-5.3
Webster,0,173594,0,6872,203000,201000,197.9,,,159500,160500,57.9,1/1/2017,88.08,13.28,191.98,-191.98,94.73,4.1
Webster,0,171194,0,7063,200000,193000,188.1,,,155400,157000,51.1,1/1/2018,79.21,13.41,175.28,-175.28,78.18,-4.5
Webster,0,168793,0,7253,209500,207500,202.9,,,145000,146000,49.1,1/1/2019,80.16,13.35,175.39,-175.39,68.57,-13.3
Scott,5267,203732,604,13366,108000,105700,194.5,,,73100,73400,59.7,1/1/2014,61.13,38.33,190.22,-190.22,90.75,0
Scott,4971,221100,573,14077,110500,107500,195.9,,,71600,71900,61.1,1/1/2015,67.53,40.53,192.22,-192.22,91.39,7.2
Scott,4676,238469,543,14789,107000,104500,216,,,71500,71800,64.4,1/1/2016,72.05,43.81,207.6,-207.6,100.27,8.5
Scott,4381,255837,512,15501,108500,106500,220,,,70000,70400,63.4,1/1/2017,73.44,46.24,206.55,-206.55,96.13,9.3
Scott,4086,273205,481,16213,110500,108000,214,,,67600,68600,63.7,1/1/2018,66.26,48.65,203.03,-203.03,94.19,6.1
Scott,3791,290574,451,16925,105500,104100,189.3,,,66800,67300,60.5,1/1/2019,67.02,52.96,187.19,-187.19,89.03,21.8
Muscatine,5509,93155,165,10632,91000,87800,188.1,,,69200,70000,56.7,1/1/2014,55.32,24.68,185.48,-185.48,90.46,-15
Muscatine,5583,90582,160,10055,90000,88100,177.7,,,71200,71500,56.2,1/1/2015,55.45,23.96,180.9,-180.9,90.92,-10.6
Muscatine,5656,88010,154,9478,93000,90800,203,1950,22.5,69400,71600,60.8,1/1/2016,58.99,22.88,198.59,-198.59,100.15,-16.6
Muscatine,5729,85437,149,8901,87000,83700,206.8,,,74300,74700,60.3,1/1/2017,60.03,22.64,203.19,-203.19,105.11,-15.4
Muscatine,5802,82864,144,8324,93000,90600,209.6,,,72100,72600,61.7,1/1/2018,54.29,21.48,204.13,-204.13,103.07,-25.3
Muscatine,5875,80292,138,7747,86500,83800,173.2,,,68300,68800,55.2,1/1/2019,54.9,22.24,177.36,-177.36,88.58,-11.6
Cerro Gordo,0,128438,0,6197,184000,181800,168.3,,,97000,97400,50.2,1/1/2014,83.16,13.04,156.46,-156.46,59.85,-0.4
Cerro Gordo,0,126988,0,6193,163500,160400,196.9,,,113900,114500,58.9,1/1/2015,77.91,13.07,190.55,-190.55,90.59,-9
Cerro Gordo,0,125537,0,6190,177500,174200,193.6,,,97400,98000,58.6,1/1/2016,83.27,13.06,182.42,-182.42,77.66,-8.4
Cerro Gordo,0,124086,0,6186,163500,162500,208.9,,,113400,114000,55.2,1/1/2017,84.9,12.84,188.78,-188.78,82.14,-8.9
Cerro Gordo,0,122635,0,6182,162500,160300,184.4,,,114200,115500,51.7,1/1/2018,76.31,12.69,172.33,-172.33,75.21,-8.1
Cerro Gordo,0,121184,0,6179,173000,169300,191.8,,,102200,103000,52.7,1/1/2019,77.22,12.65,173.97,-173.97,69.57,-14.5
Howard,4227,245899,3089,27524,136500,133300,164.4,,,84600,85000,48.7,1/1/2014,81.72,43.05,155.87,-155.87,63.24,32.1
Howard,4467,270293,3127,26613,126000,119700,202.1,,,94600,94900,59.9,1/1/2015,74.32,45.67,197.42,-197.42,96.82,19.4
Howard,4708,294686,3164,25701,132500,128700,202.2,3600,24.5,85000,85200,56.4,1/1/2016,79.11,48.89,186.75,-186.75,80.79,22
Howard,4949,319079,3201,24790,124000,121000,201.7,,,88800,89300,51.6,1/1/2017,80.55,52.49,180.16,-180.16,75.56,28.4
Howard,5190,343472,3238,23879,131000,126500,185.5,,,86500,87100,53.7,1/1/2018,72.82,53.88,175.46,-175.46,76.61,27.8
Howard,5431,367865,3275,22967,134000,128200,194.2,,,81000,81500,52.1,1/1/2019,73.7,57.1,174.97,-174.97,69.28,25.1
Plymouth,0,816396,0,77937,232000,216500,187.3,,,193500,195500,56.7,1/1/2014,66,62.45,188.43,-188.43,95.15,35.2
Plymouth,0,852377,0,82065,236500,200500,203.6,,,193600,194500,60.1,1/1/2015,71.51,64.81,203.79,-203.79,102.19,34.7
Plymouth,0,888359,0,86192,230500,202000,209.2,,,195200,196000,66.1,1/1/2016,76.28,68.4,218.61,-218.61,118.97,45
Plymouth,0,924340,0,90320,234000,211000,193,,,195400,196500,59.6,1/1/2017,77.71,70.64,197.56,-197.56,102.12,52.9
Plymouth,0,960321,0,94448,226500,214500,213.8,,,197500,201500,61.3,1/1/2018,69.99,73.94,208.92,-208.92,109.66,44.7
Plymouth,0,996303,0,98575,236500,231000,217.8,,,,,,1/1/2019,70.97,0,0,0,0,71
Humboldt,0,144990,0,8777,142500,139300,176.9,,,95900,96400,46.4,1/1/2014,87.57,17.99,159.03,-159.03,61.48,8
Humboldt,0,139664,0,9137,136000,133700,194.8,,,103000,103500,56.6,1/1/2015,86.6,17.54,187.51,-187.51,89.68,6.3
Humboldt,0,134339,0,9496,145000,140600,206.1,,,93600,94100,61,1/1/2016,92.56,17.16,196.57,-196.57,91.03,4.2
Humboldt,0,129013,0,9856,133500,132600,200.9,,,104400,105000,58,1/1/2017,94.37,16.79,193.22,-193.22,94.69,12.6
Humboldt,0,123687,0,10216,136500,131800,162.3,,,100200,102500,50.4,1/1/2018,84.8,16.34,161.98,-161.98,74.62,13.8
Humboldt,0,118362,0,10575,137000,134200,198.7,,,99700,100500,54.9,1/1/2019,85.82,16.03,185.16,-185.16,83.92,0.6
Pocahontas,1719,302749,1943,12794,184500,182900,174.8,,,140200,141000,47.8,1/1/2014,84.45,27.9,162.56,-162.56,69.28,19.1
Pocahontas,1738,334772,2014,12499,186000,181100,205.5,,,137900,138500,58,1/1/2015,89.43,30.36,194.32,-194.32,91.8,17.3
Pocahontas,1757,366796,2084,12203,185000,182500,206.8,,,135500,136000,60.6,1/1/2016,95.59,33.09,199.04,-199.04,97.08,26.7
Pocahontas,1776,398820,2155,11907,183500,180800,190.9,,,142200,143000,58.2,1/1/2017,97.46,34.89,189.43,-189.43,94.68,37.6
Pocahontas,1795,430844,2226,11611,179500,175600,179.2,,,145000,147000,49.7,1/1/2018,87.59,37.24,169.45,-169.45,76.63,32
Pocahontas,1814,462868,2296,11315,,,,,,,,,1/1/2019,88.64,0,0,0,0,88.6
Carroll,4276,634536,29,64547,192500,189300,188.6,,,113000,113500,55.9,1/1/2014,93.53,70.85,177.41,-177.41,75.57,62.5
Carroll,6414,672851,43,59321,187000,183900,195.4,,,119000,119500,58,1/1/2015,94.45,73.24,185.94,-185.94,83.86,65.6
Carroll,8552,711167,58,54094,195500,192400,203.1,,,107000,107500,58.7,1/1/2016,101.01,76.62,186.96,-186.96,77.65,68.3
Carroll,10690,749482,72,48867,182000,177100,211.3,,,121100,122000,60.4,1/1/2017,103.05,78.9,198.52,-198.52,91.53,75
Carroll,12828,787797,86,43640,183000,179900,208.4,,,112700,114000,59,1/1/2018,92.62,83.34,192.71,-192.71,84.63,67.9
Carroll,14966,826113,101,38413,185000,182500,219.7,,,110200,111000,58.8,1/1/2019,93.73,86.22,196.74,-196.74,82.28,65.5
Woodbury,0,51959,0,57990,222500,216000,177.5,,,170800,171500,51.8,1/1/2014,61.99,16.08,171.86,-171.86,79.03,-14.8
Woodbury,0,57729,0,56953,220500,217000,202.3,,,170200,171000,56.4,1/1/2015,68.21,16.31,190.68,-190.68,90.17,-16
Woodbury,0,63498,0,55915,214000,210000,203.7,,,160800,161500,61.2,1/1/2016,72.76,17.14,199.68,-199.68,99.95,-9.8
Woodbury,0,69267,0,54877,201000,186000,200.5,,,171600,172500,58.1,1/1/2017,74.13,17.37,197.24,-197.24,99.59,-6.2
Woodbury,0,75036,0,53839,201000,185600,219.3,,,167500,169000,59.5,1/1/2018,66.84,17.67,206.86,-206.86,101.95,-20.4
Woodbury,0,80805,0,52801,211000,201500,218.2,,,152600,154000,56.8,1/1/2019,67.64,18.04,197.32,-197.32,88.01,-23.6
Taylor,0,76192,0,15947,89800,88600,178.8,,,89900,90400,50.7,1/1/2014,93.83,18.04,175.64,-175.64,88.1,24.3
Taylor,0,75827,0,16450,,,,,,,,,1/1/2015,52.53,0,0,0,0,52.5
Taylor,0,75463,0,16953,82000,81200,159.9,,,83500,83800,51.6,1/1/2016,55.5,20.03,170.98,-170.98,91.22,-4.2
Taylor,0,75099,0,17456,80500,79100,175,,,83400,84000,52.8,1/1/2017,56.36,20.4,179.73,-179.73,95.48,-7.5
Taylor,0,74735,0,17959,81400,79000,154.4,,,,,,1/1/2018,51.5,0,0,0,0,51.5
Taylor,0,74371,0,18462,85700,84400,161.7,,,80200,80700,49.9,1/1/2019,52.02,20.59,166.06,-166.06,83.07,-10.4
Winnebago,572,122126,0,7160,135500,133600,172.7,,,78300,78700,47.6,1/1/2014,86.8,17.17,156.35,-156.35,58.37,6
Winnebago,858,106165,0,6902,126500,124100,203.6,,,88100,88500,59.4,1/1/2015,81.37,15.37,194.34,-194.34,91.65,-5.9
Winnebago,1144,90205,0,6645,139000,137500,197.9,,,78700,79200,62.5,1/1/2016,86.93,13.44,191.14,-191.14,86.9,-3.9
Winnebago,1430,74244,0,6387,123000,122600,210.7,,,90000,90500,59.9,1/1/2017,88.62,11.99,199.14,-199.14,95.53,-3
Winnebago,1716,58283,0,6129,120000,118000,180.8,420,16.5,83200,84400,51.8,1/1/2018,79.71,10.7,170.73,-170.73,74.97,-5.3
Winnebago,2002,42323,0,5872,123000,121200,198.8,940,18.5,79200,79800,54.2,1/1/2019,80.69,8.95,181.25,-181.25,76.55,-15.1
Fayette,11752,245264,7278,39945,196000,190700,170.9,,,111400,112000,49.5,1/1/2014,75.32,40.24,158.47,-158.47,61.5,18.6
Fayette,11020,240874,6882,37636,190000,178500,191.8,,,119600,120000,56.3,1/1/2015,76.73,38.43,182.29,-182.29,79.7,12.6
Fayette,10287,236485,6486,35327,196000,190000,202.5,,,108100,108500,62.3,1/1/2016,81.61,37.55,192.83,-192.83,84.92,11.2
Fayette,9554,232096,6090,33018,191000,184200,207.6,,,114800,115500,56.3,1/1/2017,83.11,35.74,187.76,-187.76,77.59,8.7
Fayette,8821,227707,5694,30709,191500,185400,200.1,,,108100,109000,56.5,1/1/2018,75.35,34.85,183.19,-183.19,75.08,2.1
Fayette,8088,223318,5298,28400,202000,198300,200.5,,,97900,98700,55.5,1/1/2019,76.17,33.23,178.37,-178.37,66.16,-2.8
Obrien,5627,500075,8442,57353,169000,162500,180.3,,,137300,138000,55.7,1/1/2014,77.42,63.55,182.18,-182.18,91.09,49.9
Obrien,6106,501501,8549,55399,171500,153700,205.2,,,137200,138000,62.6,1/1/2015,82.49,62.87,207.38,-207.38,106.99,45
Obrien,6585,502927,8655,53446,173000,166200,210.7,,,139500,140000,63.9,1/1/2016,88.11,62,210.35,-210.35,110.47,50.2
Obrien,7064,504353,8762,51493,170000,164100,213.8,,,139700,140500,62.3,1/1/2017,89.78,62.33,208.84,-208.84,107.85,51.1
Obrien,7543,505779,8869,49540,167000,155700,201.6,,,143300,145000,59.9,1/1/2018,80.71,61.86,201.32,-201.32,104.73,46
Obrien,8022,507205,8975,47587,178000,146100,204.9,,,131100,132000,56,1/1/2019,81.67,62.1,193.98,-193.98,86.98,36.8
Wright,2667,483685,0,3307,185500,183500,169.4,,,127800,128500,42.7,1/1/2014,82.92,39.58,149.41,-149.41,54.17,27.3
Wright,2565,483632,0,3631,180000,176900,198.4,,,132900,133500,59,1/1/2015,83.02,39.69,192.85,-192.85,93.89,23.8
Wright,2464,483580,0,3954,200000,198000,200.2,,,120300,121000,58.8,1/1/2016,88.68,38.8,187.89,-187.89,82.71,22.3
Wright,2363,483527,0,4277,183000,182400,206.9,,,132800,133500,57.9,1/1/2017,90.39,39.4,193.68,-193.68,90.5,26.6
Wright,2262,483474,0,4600,182000,179500,180.5,,,128800,130500,52.6,1/1/2018,81.27,39.94,172.42,-172.42,77.63,26.4
Wright,2161,483422,0,4923,185500,185000,197,,,125000,126000,54.1,1/1/2019,82.24,40.11,180.97,-180.97,78.47,19.8
Boone,1636,139233,0,11087,165000,164000,180.9,,,101300,102000,50.2,1/1/2014,76.75,17.16,165.33,-165.33,66.06,-5.4
Boone,2455,141147,0,10820,164000,161100,192.3,,,102100,102500,53.7,1/1/2015,80.39,17.69,176.84,-176.84,73.78,-5
Boone,3273,143062,0,10554,168000,165600,208.4,,,96200,96500,60.2,1/1/2016,85.91,18.34,192.85,-192.85,82.81,-5.8
Boone,4091,144977,0,10287,158500,157400,192.4,,,106900,107500,56.7,1/1/2017,87.61,18.74,183.57,-183.57,84.08,6.9
Boone,4909,146892,0,10020,154500,152400,193.7,,,109900,111000,54.6,1/1/2018,78.84,19.28,181.82,-181.82,82.24,-1.5
Boone,5727,148807,0,9754,163500,161700,194.8,750,23,100800,101500,53.2,1/1/2019,79.77,19.82,176.81,-176.81,72.44,-4.8
Chickasaw,5028,234682,2964,31511,154000,148400,157.6,,,86600,87000,46.6,1/1/2014,83.33,40.23,147.63,-147.63,55.4,31.3
Chickasaw,5347,237730,2731,29782,148500,141300,202.8,,,92600,92900,55.6,1/1/2015,81.63,39.85,185.48,-185.48,77.78,13.8
Chickasaw,5667,240777,2498,28052,158000,154000,206.6,,,81000,81400,56,1/1/2016,87.23,39.86,183.36,-183.36,69.46,13.2
Chickasaw,5986,243825,2265,26322,150500,140800,194.4,,,88800,89300,50.4,1/1/2017,88.96,39.48,172.2,-172.2,64.8,21
Chickasaw,6305,246873,2032,24592,148500,143200,192.9,,,87900,89000,53.2,1/1/2018,80.05,39.54,175.62,-175.62,70.88,14.8
Chickasaw,6625,249920,1799,22862,151500,144000,212.1,,,80800,81500,54.5,1/1/2019,81,39.97,184.94,-184.94,68.62,4.7
Audubon,7585,283160,2,24034,115000,112800,185.5,,,96800,97400,55.2,1/1/2014,81.36,47.19,183.67,-183.67,91.69,36.6
Audubon,7400,277560,2,23584,110000,108100,189.8,,,99200,99600,57.8,1/1/2015,76.26,46.87,192.35,-192.35,101.69,32.5
Audubon,7215,271959,1,23135,114000,112000,206.1,,,91000,91400,62,1/1/2016,81.22,46.85,203.85,-203.85,105.33,29.5
Audubon,7030,266358,0,22686,106000,105100,211.2,,,96300,96800,57.2,1/1/2017,82.67,46.46,199.35,-199.35,100.6,30.4
Audubon,6845,260757,-1,22237,111500,109500,180,,,90800,91600,52.3,1/1/2018,74.57,45.4,174.93,-174.93,83.11,28.1
Audubon,6660,255156,-2,21788,109500,108200,216,,,93200,94000,58.9,1/1/2019,75.44,44.32,203.26,-203.26,101.6,18.1
Mahaska,8673,311346,291,22088,137000,135000,189.9,,,102800,104000,48.9,1/1/2014,64.74,44.57,170.83,-170.83,71.59,10.1
Mahaska,8862,316371,269,22074,135000,131300,190.3,,,105400,106000,55.6,1/1/2015,62.66,45.16,184.75,-184.75,88.9,12
Mahaska,9052,321396,248,22061,137000,134300,204.7,,,101000,101500,59.1,1/1/2016,66.76,46.23,195.72,-195.72,94.07,11.3
Mahaska,9242,326421,227,22048,134000,131700,177.2,,,104800,105500,54.4,1/1/2017,67.99,46.64,176.84,-176.84,86.17,24
Mahaska,9432,331446,206,22035,131000,128600,207.7,,,98400,102500,59.7,1/1/2018,61.38,48.45,198.54,-198.54,98.45,9.7
Mahaska,9622,336471,185,22022,131500,128300,189.9,,,99100,100500,53.7,1/1/2019,62.08,49.38,180.08,-180.08,83.1,14.5
Dallas,5233,75348,62,13339,141000,139900,195.5,720,20,99700,100500,52.5,1/1/2014,70.56,15.41,178.57,-178.57,77.13,-15.5
Dallas,3488,84377,42,14111,137000,133500,182.4,,,103200,104000,55.1,1/1/2015,67.08,15.64,179.59,-179.59,86.05,-10.8
Dallas,1744,93406,21,14884,145500,143400,204,,,97100,97400,58.7,1/1/2016,71.52,15.71,192.1,-192.1,87.76,-17.1
Dallas,0,102435,0,15656,135500,133000,187.2,,,103400,104000,54.6,1/1/2017,72.85,16.13,180.8,-180.8,85.42,-6.4
Dallas,-1744,111464,-21,16428,132000,129800,174,,,101200,103000,52.8,1/1/2018,65.71,16.64,171.98,-171.98,81.95,-7.7
Dallas,-3488,120493,-42,17201,131000,129200,195,,,101800,103000,54.4,1/1/2019,66.47,16.92,183.97,-183.97,86.11,-14.5
Decatur,10991,67439,131,26058,31700,29400,164,,,46600,47300,40.2,1/1/2014,146.59,68.77,153.08,-153.08,71.16,133.4
Decatur,7328,73605,87,27003,37000,35300,162.7,,,33500,33700,46.4,1/1/2015,34.93,73.01,159.07,-159.07,72.63,21.5
Decatur,3664,79772,44,27947,37000,35400,181.1,,,41500,41600,57.2,1/1/2016,36.08,62.22,194.61,-194.61,111.55,15.2
Decatur,0,85939,0,28891,,,,,,,,,1/1/2017,36.4,0,0,0,0,36.4
Decatur,-3664,92106,-44,29835,34200,32900,172.5,,,43800,44500,48,1/1/2018,34.5,55.26,172.78,-172.78,91.05,8
Decatur,-7328,98273,-87,30779,,,,,,,,,1/1/2019,34.73,0,0,0,0,34.7
Butler,5852,338693,2076,15554,173500,170300,167.7,,,106100,106500,46.3,1/1/2014,76.67,38.51,153.03,-153.03,57.75,19.9
Butler,6423,320843,1940,15440,156500,153600,193.3,,,105100,106000,57.7,1/1/2015,78.73,39.58,185.9,-185.9,86.2,18.6
Butler,6994,302992,1804,15327,181000,177800,207.3,,,100100,101000,59.9,1/1/2016,84.12,35.45,191.1,-191.1,80.71,9.2
Butler,7565,285141,1668,15213,162000,159200,211.4,,,106900,107500,55.9,1/1/2017,85.76,35.64,190.33,-190.33,81.27,12.3
Butler,8136,267290,1532,15099,165500,163000,211.3,,,104200,105500,56.1,1/1/2018,77.14,33.99,189.63,-189.63,79.73,1.2
Butler,8707,249439,1396,14986,172000,169700,209.5,,,93400,94600,55,1/1/2019,78.06,33.08,184.12,-184.12,70.57,-2.4
Henry,0,100684,0,9401,81400,80100,196.6,,,69400,69800,56.1,1/1/2014,59.65,21.65,190.11,-190.11,94.55,-14.3
Henry,0,116883,0,9345,79700,78000,178.4,,,70400,70800,55.8,1/1/2015,51.9,24.34,183.38,-183.38,95.59,-11.6
Henry,0,133083,0,9289,84500,83300,199,,,69200,69500,57.2,1/1/2016,54.86,26.32,192.23,-192.23,95.12,-15.9
Henry,0,149282,0,9233,82500,81300,196.4,,,72100,72500,60.5,1/1/2017,55.72,28.66,199.49,-199.49,106.93,-8.2
Henry,0,165481,0,9177,81100,79700,189.7,,,67300,67800,62.3,1/1/2018,50.87,32.45,198.94,-198.94,108.52,-7.1
Henry,0,181681,0,9121,76200,74900,164.5,,,68200,68800,56.9,1/1/2019,51.39,36.01,180.49,-180.49,99.23,6.1
Hamilton,604,793060,72,3277,196000,194400,173.1,,,113900,114500,46.1,1/1/2014,90.75,63.43,154.15,-154.15,55.59,55.6
Hamilton,907,865821,107,2472,195000,191700,198.1,,,115000,115500,54.3,1/1/2015,92.09,69.06,179.34,-179.34,72.57,54.4
Hamilton,1209,938583,143,1667,210000,208500,209,,,102600,103000,61,1/1/2016,98.46,74.1,190.34,-190.34,76.12,58.3
Hamilton,1511,1011344,179,862,192500,192200,194.6,,,114300,115000,57.2,1/1/2017,100.43,81.11,182.19,-182.19,78.82,78.2
Hamilton,1813,1084105,215,57,192500,190100,188.9,,,115100,116500,49.9,1/1/2018,90.29,86.38,168.15,-168.15,64.58,73.1
Hamilton,2115,1156867,251,-748,195500,194000,198.2,,,110200,111000,51.4,1/1/2019,91.36,92.79,173.76,-173.76,64.97,75.4
Kossuth,2899,604109,347,22486,330000,324000,176.6,,,213500,216000,46.5,1/1/2014,89.22,31.38,158.34,-158.34,60.49,22.8
Kossuth,1933,601446,232,21716,318500,312500,199,,,221500,222500,61,1/1/2015,88.28,31.15,195.16,-195.16,95.13,19.4
Kossuth,966,598782,116,20946,338000,334000,204.7,,,199400,205500,63.4,1/1/2016,94.24,30.48,196.95,-196.95,92.36,20.1
Kossuth,0,596118,0,20176,311500,308000,205.6,,,217500,218500,60.4,1/1/2017,96.05,30.72,196.85,-196.85,94.02,23.9
Kossuth,-966,593454,-116,19406,304000,295500,180.2,,,219000,220500,54.2,1/1/2018,86.53,30.5,175.95,-175.95,81.79,22.9
Kossuth,-1933,590790,-232,18636,315000,310000,198.7,,,203000,204500,57.4,1/1/2019,87.62,30.25,186.7,-186.7,83.39,14.6
Page,4809,19881,3,18285,113000,111600,182.4,,,114800,115500,54.7,1/1/2014,69.42,11.97,185.97,-185.97,99.7,-4.9
Page,7214,20421,5,18453,110500,108200,165.8,,,108000,108500,49.8,1/1/2015,55.91,14.1,168.53,-168.53,84.6,-13.9
Page,9618,20960,6,18620,118000,116800,185.8,,,108200,108500,57.5,1/1/2016,59.28,15.19,190.45,-190.45,101.74,-14.2
Page,12023,21500,8,18787,110000,108400,193.1,,,114200,115000,55.4,1/1/2017,60.22,16.87,191.98,-191.98,102.75,-12.1
Page,14428,22040,10,18954,115500,113800,188.1,,,107700,108500,50.5,1/1/2018,54.61,18.52,177.26,-177.26,84.54,-19.6
Page,16832,22579,11,19121,113500,112200,191.4,,,109700,110500,55.9,1/1/2019,55.22,20.1,190.62,-190.62,100.5,-14.8
Tama,13188,95536,589,22986,164000,161400,182.7,,,141500,142500,53.4,1/1/2014,59.28,20.32,179.47,-179.47,88.44,-11.4
Tama,14000,96355,589,23668,169500,166600,189.5,,,138300,139000,57.9,1/1/2015,65.22,20.81,189.73,-189.73,96.67,-7
Tama,14812,97173,588,24349,166500,163800,208.4,,,140900,141500,63.5,1/1/2016,69.34,21.45,209.36,-209.36,112.48,-6.1
Tama,15624,97992,587,25031,168000,166000,220.6,,,139700,140500,59.5,1/1/2017,70.55,22.03,205.75,-205.75,101.65,-11.5
Tama,16436,98811,586,25713,171500,169200,224.3,,,141400,143000,60.1,1/1/2018,63.84,22.21,208.26,-208.26,102.96,-19.2
Tama,17248,99629,585,26394,176000,174000,204.8,,,135200,136500,53.4,1/1/2019,64.56,22.96,185.86,-185.86,83.09,-15.2
Montgomery,0,13514,0,15397,93700,92200,163.1,,,90800,91400,50,1/1/2014,72.38,9.05,167.64,-167.64,84.85,-1.4
Montgomery,0,20270,0,15659,94900,93000,185.2,,,89200,89600,51,1/1/2015,61.53,10.1,177.48,-177.48,86.07,-19.8
Montgomery,0,27027,0,15922,98000,96700,185.5,,,88800,89100,57.8,1/1/2016,65.33,10.96,190.71,-190.71,101.91,-12.5
Montgomery,0,33784,0,16184,94500,93400,199.1,,,93000,93500,56.2,1/1/2017,66.41,11.91,194.58,-194.58,102.13,-14.1
Montgomery,0,40541,0,16446,93300,91700,191.5,,,87900,88700,51.8,1/1/2018,60.12,13.33,181.54,-181.54,88.49,-19.6
Montgomery,0,47298,0,16709,93200,92300,204.8,,,87300,87800,58.3,1/1/2019,60.8,14.44,199.93,-199.93,105.12,-19.6
Calhoun,4117,341945,0,15525,182500,180700,189.6,,,131900,132500,51,1/1/2014,89.21,32.51,173.8,-173.8,74.55,22.5
Calhoun,4660,333365,0,14868,177000,174100,194.7,,,138100,139000,55.2,1/1/2015,86.36,31.8,185.51,-185.51,87.95,20.6
Calhoun,5202,324784,0,14210,184000,180900,207.3,,,126900,127500,62.3,1/1/2016,92.15,31.64,200.79,-200.79,97.55,20.6
Calhoun,5744,316204,0,13552,175000,172700,195.1,,,136800,137500,57.5,1/1/2017,93.9,30.92,190.02,-190.02,93.45,28.2
Calhoun,6286,307624,0,12894,172000,170500,193.3,,,138500,140500,53.1,1/1/2018,84.56,30.3,181.44,-181.44,84.79,18.2
Calhoun,6828,299043,0,12236,180000,177300,198.8,,,131600,132500,55.1,1/1/2019,85.55,29.68,185.55,-185.55,84.55,14.2
Marshall,0,180103,0,19129,152000,148000,190.5,3450,26.5,127500,128500,55.1,1/1/2014,66.11,21.6,185.55,-185.55,91.35,-6.5
Marshall,0,179284,0,19751,153500,147700,194.9,5230,27.5,125500,126000,59.4,1/1/2015,69.7,21.8,195.49,-195.49,100.37,-3.6
Marshall,0,178465,0,20373,161000,152800,211.3,7690,25.5,122000,122500,62.6,1/1/2016,74.33,21.61,206.64,-206.64,103.69,-7
Marshall,0,177646,0,20995,148500,146000,222.4,,,128200,129000,63.5,1/1/2017,75.7,22.21,215.49,-215.49,113.81,-3.8
Marshall,0,176827,0,21617,152500,149300,226,,,119400,120500,61.9,1/1/2018,68.15,22.7,211.4,-211.4,104.24,-16.3
Marshall,0,176008,0,22239,156500,149000,221.9,6710,25.5,113700,114500,60.6,1/1/2019,68.96,22.99,206.11,-206.11,96.82,-17.3
Black Hawk,4544,244360,841,17407,148500,145200,165.2,,,95700,96600,49.2,1/1/2014,68.44,33.63,157.87,-157.87,66.02,10.2
Black Hawk,4280,246140,874,15630,145500,143400,192.9,,,98900,99300,56,1/1/2015,72.61,33.09,182.94,-182.94,82.86,5.6
Black Hawk,4016,247920,908,13853,154000,152100,206.4,,,89300,90200,61.8,1/1/2016,77.53,32.59,194.72,-194.72,87.04,2.4
Black Hawk,3752,249700,942,12076,143500,142200,209.2,,,93600,94200,59.5,1/1/2017,79.02,32.89,195.1,-195.1,88.45,5.3
Black Hawk,3488,251480,976,10299,146500,142500,206.2,,,92500,93400,58.4,1/1/2018,71.15,32,191.55,-191.55,84.58,-3.8
Black Hawk,3224,253260,1010,8522,147000,145100,205.1,,,88700,89600,51.9,1/1/2019,71.98,31.85,179.03,-179.03,68.96,-6.2
Hancock,1055,388683,72,8992,200500,193400,173.9,,,105500,106000,47.6,1/1/2014,99.25,33.96,155.65,-155.65,54.94,32.5
Hancock,1582,397739,107,8201,190500,187000,201.2,1150,22.5,113600,114500,59.6,1/1/2015,93.24,34.88,189.65,-189.65,83.99,22.5
Hancock,2110,406796,143,7409,200500,198100,200.3,,,99900,101000,62.4,1/1/2016,99.72,36.04,188.66,-188.66,80.02,27.1
Hancock,2637,415853,179,6618,188000,184500,200.2,1110,16,115400,116000,57.4,1/1/2017,101.72,36.5,186.29,-186.29,80.83,32.8
Hancock,3164,424910,215,5827,184500,181400,176.7,,,120500,122000,53.2,1/1/2018,91.42,36.95,170.03,-170.03,75.28,33.6
Hancock,3692,433967,251,5035,198000,195400,193.3,,,107100,108000,49.6,1/1/2019,92.51,37.76,168.07,-168.07,59.88,22.1
Ida,6724,109521,1319,30942,126500,123700,189.9,,,100600,101000,55.7,1/1/2014,77.76,28.68,185.09,-185.09,89.97,11.3
Ida,7153,92591,1346,34065,127000,123900,203.1,,,98900,99300,60.2,1/1/2015,81.79,28.5,198.67,-198.67,99.6,11.2
Ida,7583,75661,1373,37188,134000,131800,216,,,90300,90700,67.6,1/1/2016,87.18,28.36,213.23,-213.23,107.77,10.1
Ida,8013,58731,1400,40311,125000,120000,215.7,,,98000,98500,62.1,1/1/2017,88.78,28.18,208.1,-208.1,104.56,13.4
Ida,8443,41801,1427,43434,124000,119200,222.2,,,97400,98200,63.8,1/1/2018,80.05,28,214.05,-214.05,108.92,2.9
Ida,8873,24871,1454,46557,,,,,,,,,1/1/2019,80.98,0,0,0,0,81
Poweshiek,0,89159,0,19742,141000,139100,188.4,,,118400,119000,50.7,1/1/2014,62.72,14.99,175.72,-175.72,80.38,-17.6
Poweshiek,0,90073,0,19343,145000,142300,197.8,,,115500,116000,56.3,1/1/2015,67.93,14.89,189.43,-189.43,91.51,-15.1
Poweshiek,0,90988,0,18945,147000,144800,213.2,,,113600,114000,57.5,1/1/2016,72.45,14.84,197.29,-197.29,92.77,-17.2
Poweshiek,0,91902,0,18547,149500,148100,215.1,,,111300,112000,56.6,1/1/2017,73.79,14.76,195.49,-195.49,88.88,-18.1
Poweshiek,0,92816,0,18149,145500,139000,218.7,,,117400,118500,58.2,1/1/2018,66.47,14.57,202.51,-202.51,97.03,-24.4
Poweshiek,0,93731,0,17751,154500,152100,200.3,,,105800,106500,53.4,1/1/2019,67.25,14.69,181.78,-181.78,77.62,-22.2
Clarke,14108,104835,63,13119,36600,32200,162.2,,,42600,42800,43.5,1/1/2014,126.07,70.79,158.35,-158.35,73.68,112.2
Clarke,15011,114584,50,14900,39000,37600,152.4,,,31300,31500,41.3,1/1/2015,49.91,87,142.35,-142.35,55.76,50.3
Clarke,15914,124332,36,16681,34800,33500,163.9,,,41000,41100,49.9,1/1/2016,51.62,87.57,172.78,-172.78,92.76,59.2
Clarke,16817,134081,22,18462,,,,,,,,,1/1/2017,52.12,0,0,0,0,52.1
Clarke,17720,143830,8,20243,32900,29800,161.8,,,38500,38800,47.9,1/1/2018,49.35,107,168.5,-168.5,86.84,74.7
Clarke,18623,153578,-6,22024,,,,,,,,,1/1/2019,49.65,0,0,0,0,49.6
Sac,3612,443867,176,34551,167500,163600,179.8,,,130500,131000,55.2,1/1/2014,76.59,48.08,179.5,-179.5,87.75,32.9
Sac,5417,449778,265,33723,168500,163100,204.8,,,130900,131500,60.7,1/1/2015,79.72,48.95,200.47,-200.47,100.68,28.9
Sac,7223,455689,353,32894,170000,167300,214.3,,,128000,128500,63.3,1/1/2016,85.12,50.31,208.02,-208.02,104.93,32.3
Sac,9029,461600,441,32065,164500,159000,194.5,,,133600,134500,57.8,1/1/2017,86.72,51.33,191.87,-191.87,96.27,42.4
Sac,10835,467511,529,31236,162000,159900,213.5,,,141500,143000,60.7,1/1/2018,77.99,51.41,206.55,-206.55,107.69,30.5
Sac,12641,473422,617,30407,175000,168500,220.6,,,130000,131000,59.3,1/1/2019,78.92,52.33,203.39,-203.39,95.09,23
Lyon,15316,865174,10045,156252,183000,164400,172.9,,,122900,123500,53.7,1/1/2014,80.3,126.12,172.15,-172.15,77.3,111.6
Lyon,14773,934395,10188,160252,182000,156400,196,,,123500,124000,61.1,1/1/2015,85.56,132.82,197.15,-197.15,93.95,115.2
Lyon,14231,1003617,10330,164253,184000,172100,206.9,,,121500,122000,66.1,1/1/2016,91.32,139.32,207.56,-207.56,103.21,126.3
Lyon,13688,1072839,10472,168253,181000,172200,218.9,,,122800,123500,63.8,1/1/2017,93.12,146.54,208.95,-208.95,99.95,130.7
Lyon,13145,1142061,10614,172253,184500,164200,193,,,123100,124500,60.6,1/1/2018,84.02,150.84,193.46,-193.46,92.33,133.7
Lyon,12603,1211283,10756,176254,189000,164200,186.6,,,110600,111500,54.8,1/1/2019,85.42,161.72,177.51,-177.51,73.39,143
Emmet,5458,173433,0,14169,120500,119000,165,,,88400,88900,42.3,1/1/2014,75.53,29.61,147.72,-147.72,55.28,12.7
Emmet,5547,164324,0,12810,122500,120300,203.3,,,88800,89200,58.1,1/1/2015,78.24,27.74,192.83,-192.83,90.85,4
Emmet,5635,155214,0,11452,124500,122200,198.5,,,85800,86200,58.5,1/1/2016,83.25,26.31,190.24,-190.24,89.1,8.4
Emmet,5723,146105,0,10094,119500,118300,210.1,,,90000,90600,58.9,1/1/2017,84.79,24.82,197.91,-197.91,94.85,6.6
Emmet,5811,136996,0,8736,110500,108400,155.8,,,88000,90300,46.7,1/1/2018,76.79,24.33,153.75,-153.75,69.25,16.6
Emmet,5899,127886,0,7378,,,,,,,,,1/1/2019,77.91,0,0,0,0,77.9
Clinton,15302,57045,3085,51619,192500,187300,197,,,115900,116500,57.5,1/1/2014,75.58,27.64,184.74,-184.74,80.07,-1.5
Clinton,15445,57259,3273,51145,193500,187800,188.2,,,115000,115500,59.2,1/1/2015,79.06,27.7,183.22,-183.22,82.82,6.4
Clinton,15587,57474,3460,50671,193000,188400,213.8,,,117000,117500,59.8,1/1/2016,84.47,27.62,196.29,-196.29,85.08,0.9
Clinton,15730,57689,3648,50197,197000,193800,213.3,,,114800,116000,59.7,1/1/2017,86.15,27.46,194.8,-194.8,83.12,1.9
Clinton,15873,57904,3836,49723,190500,186000,210.9,,,118600,119500,58.3,1/1/2018,77.56,27.78,193.09,-193.09,83.54,-4.2
Clinton,16015,58119,4023,49249,189000,178300,196.1,,,108600,109500,59.5,1/1/2019,78.47,28.91,187.2,-187.2,81.88,2.1
Harrison,9813,36867,0,16837,186000,183500,161.1,,,129500,130000,49.2,1/1/2014,68.01,11.7,157.57,-157.57,68.91,-8.9
Harrison,9930,38908,0,16522,178000,175000,189.5,,,132900,133500,52.1,1/1/2015,69.34,11.99,176.56,-176.56,78.51,-16.7
Harrison,10047,40948,0,16206,183500,180800,204.6,,,120000,120500,58.2,1/1/2016,73.97,12.41,191.02,-191.02,85.69,-19
Harrison,10164,42988,0,15891,175000,173600,193.2,,,130100,131000,53.7,1/1/2017,75.39,12.46,180.81,-180.81,82.13,-10.8
Harrison,10281,45028,0,15576,173000,171300,176,,,133700,135000,52.6,1/1/2018,68,12.5,172.46,-172.46,81.48,-10.5
Harrison,10398,47068,0,15260,,,,,,,,,1/1/2019,68.81,0,0,0,0,68.8
Union,7741,130931,4,22238,53900,51600,176.1,,,53800,54100,49.5,1/1/2014,127.59,57.24,172.6,-172.6,84.72,97
Union,11612,143885,7,21824,,,,,,,,,1/1/2015,54.99,0,0,0,0,55
Union,15482,156839,9,21411,56400,54700,183,,,50400,50600,56,1/1/2016,57.54,72.79,186.13,-186.13,96.6,40.8
Union,19353,169793,11,20998,52100,49800,147.9,,,50700,50900,44.5,1/1/2017,58.28,83.41,150.9,-150.9,70.22,61
Union,23224,182747,13,20585,55200,53700,155.8,1130,17,55000,55600,48.6,1/1/2018,54.09,84.79,162.85,-162.85,82.43,58.5
Union,27094,195701,15,20172,55500,54600,168.9,680,16,50200,50700,53.7,1/1/2019,54.54,96.03,175.89,-175.89,91.58,66.3
Pottawattamie,0,84051,0,50457,241000,233500,169.1,,,196400,197500,51.2,1/1/2014,65.25,14.73,168.7,-168.7,80.32,-8.4
Pottawattamie,0,84790,0,53368,244000,239500,204,,,193700,194500,58.5,1/1/2015,69.44,15.35,196.12,-196.12,96.6,-14.7
Pottawattamie,0,85528,0,56278,254500,251000,210.4,,,181500,182000,60.6,1/1/2016,74.05,16.05,199.9,-199.9,95.54,-14.3
Pottawattamie,0,86266,0,59189,239500,237000,195.8,,,194900,196000,57,1/1/2017,75.43,16.71,190.29,-190.29,94.37,-3.8
Pottawattamie,0,87004,0,62100,,,,,,,,,1/1/2018,68,0,0,0,0,68
Pottawattamie,0,87742,0,65010,236500,232000,208,,,183200,184500,58.5,1/1/2019,68.81,18.58,197.18,-197.18,95.44,-14.4
Ringgold,24725,104913,110,28846,59900,57500,166.4,,,67300,67700,46.1,1/1/2014,169.69,66.17,163.78,-163.78,79.98,152.1
Ringgold,25366,109268,102,27588,56000,51900,147.8,,,47100,47500,43.2,1/1/2015,54.79,82.36,145.85,-145.85,61.99,53.3
Ringgold,26006,113622,95,26329,55000,52200,179.5,,,64200,64400,51.7,1/1/2016,56.53,72.07,182.35,-182.35,97.64,43.9
Ringgold,26646,117977,88,25070,52700,50300,167.8,2140,13,64300,64600,48.8,1/1/2017,57.03,74.06,172.4,-172.4,91.06,49.8
Ringgold,27286,122332,81,23811,50900,48800,153.3,,,57600,58300,47.2,1/1/2018,54.19,80.29,162.05,-162.05,83.66,56.1
Ringgold,27926,126686,74,22552,,,,,,,,,1/1/2019,54.5,0,0,0,0,54.5
Jasper,8981,198340,396,12853,171500,169200,191.5,,,139800,140500,54.6,1/1/2014,68.52,23.21,183.99,-183.99,88.58,-3.7
Jasper,9001,192756,402,13840,172500,168500,198.9,,,140400,141000,57.9,1/1/2015,66.57,22.95,193.63,-193.63,96.49,-7.6
Jasper,9022,187171,407,14826,180000,177800,214.7,,,133500,134000,60.3,1/1/2016,70.92,22.77,202.13,-202.13,97.1,-11.3
Jasper,9042,181587,413,15813,173000,170900,204.6,,,141500,142500,60.5,1/1/2017,72.21,22.52,200.85,-200.85,103.25,-2.9
Jasper,9062,176003,419,16800,173500,171300,218.6,,,141400,143000,60.7,1/1/2018,65.13,22.3,206.83,-206.83,103.78,-15.6
Jasper,9083,170418,424,17786,181000,179400,209.3,,,133600,134500,56.5,1/1/2019,65.89,22.23,192.65,-192.65,88.24,-16.3
Adair,0,42881,0,24185,109500,104300,169.3,,,102700,106000,50,1/1/2014,101.15,14.66,169.95,-169.95,84.52,30.4
Adair,0,46126,0,25163,112000,107400,176.5,,,106100,106500,55.1,1/1/2015,70.5,15.21,183.62,-183.62,97.19,-0.7
Adair,0,49370,0,26142,115000,113800,190.3,,,106700,107000,59.3,1/1/2016,74.67,15.71,196.25,-196.25,107.06,1.2
Adair,0,52615,0,27120,108500,104100,175.2,,,109900,110500,50.5,1/1/2017,75.89,16.68,174.75,-174.75,88.07,5.9
Adair,0,55860,0,28098,108500,103100,149.5,,,105700,106500,50.1,1/1/2018,69.08,17.76,163.83,-163.83,85.39,8.4
Adair,0,59104,0,29077,111500,107300,176.6,3940,25.5,100900,101500,53.3,1/1/2019,69.82,18.7,178.59,-178.59,90.39,0.3
